菜单名称,链接,菜单类型,父菜单
首页,https://www.cqupt.edu.cn/index.htm,主菜单,
学校概况,https://www.cqupt.edu.cn/xxgk/xxjj.htm,主菜单,
学校简介,https://www.cqupt.edu.cn/xxgk/xxjj.htm,子菜单,学校概况
学校章程,https://www.cqupt.edu.cn/xxgk/xxzc.htm,子菜单,学校概况
学校领导,https://www.cqupt.edu.cn/xxgk/xxld.htm,子菜单,学校概况
历史沿革,https://www.cqupt.edu.cn/xxgk/lsyg.htm,子菜单,学校概况
学院导航,https://www.cqupt.edu.cn/xxgk/xydh.htm,子菜单,学校概况
管理机构,https://www.cqupt.edu.cn/xxgk/gljg.htm,子菜单,学校概况
重邮校友,http://xylyh.cqupt.edu.cn/,子菜单,学校概况
可视化校园,https://gis.cqupt.edu.cn/,子菜单,学校概况
师资队伍,http://faculty.cqupt.edu.cn/,主菜单,
学科建设,https://www.cqupt.edu.cn/xkjs/jj.htm,主菜单,
简介,https://www.cqupt.edu.cn/xkjs/jj.htm,子菜单,学科建设
硕博学科...,https://www.cqupt.edu.cn/xkjs/sshbsxwsqxk.htm,子菜单,学科建设
省部级重点...,https://www.cqupt.edu.cn/xkjs/sbjzdxk.htm,子菜单,学科建设
科学研究,https://www.cqupt.edu.cn/kxyj/kycg.htm,主菜单,
科研机构,https://www.cqupt.edu.cn/kxyj/kyjg.htm,子菜单,科学研究
科研成果,https://www.cqupt.edu.cn/kxyj/kycg.htm,子菜单,科学研究
学术刊物,http://journal.cqupt.edu.cn/,子菜单,科学研究
产学研,http://cxy.cqupt.edu.cn/,子菜单,科学研究
社科在线,http://skc.cqupt.edu.cn/,子菜单,科学研究
科技在线,http://kjc.cqupt.edu.cn/,子菜单,科学研究
人才培养,https://www.cqupt.edu.cn/rcpy.htm,主菜单,
本科教育,http://jwzx.cqupt.edu.cn/,子菜单,人才培养
研究生教育,http://yjs.cqupt.edu.cn/,子菜单,人才培养
留学生教育,http://international.cqupt.edu.cn/,子菜单,人才培养
继续教育,http://siee.cqupt.edu.cn/,子菜单,人才培养
招生就业,https://www.cqupt.edu.cn/zsjy/zsxx.htm,主菜单,
招生信息,https://www.cqupt.edu.cn/zsjy/zsxx.htm,子菜单,招生就业
就业信息,http://job.cqupt.edu.cn/portal/home.html,子菜单,招生就业
校园文化,https://www.cqupt.edu.cn/xywh/xsjz.htm,主菜单,
学术讲座,https://www.cqupt.edu.cn/xywh/xsjz.htm,子菜单,校园文化
校园风光,https://www.cqupt.edu.cn/xywh/xyfg.htm,子菜单,校园文化
学生活动,http://tuanwei.cqupt.edu.cn/,子菜单,校园文化
合作交流,https://www.cqupt.edu.cn/hzjl.htm,主菜单,
国内合作交流,http://cxy.cqupt.edu.cn/,子菜单,合作交流
国际合作交流,http://gjc.cqupt.edu.cn/,子菜单,合作交流
公共服务,https://www.cqupt.edu.cn/ggfw/zyxl.htm,主菜单,
重邮校历,https://www.cqupt.edu.cn/ggfw/zyxl.htm,子菜单,公共服务
办公电话,https://www.cqupt.edu.cn/ggfw/bgdh.htm,子菜单,公共服务
校园地图,https://gis.cqupt.edu.cn/#/,子菜单,公共服务
档案信息,http://dag.cqupt.edu.cn/,子菜单,公共服务
网络服务,http://xxb.cqupt.edu.cn/,子菜单,公共服务
